{
  "usingComponents": {
    "van-card": "@vant/weapp/card/index",
    "van-submit-bar": "@vant/weapp/submit-bar/index",
    "van-checkbox": "@vant/weapp/checkbox/index",
  "van-checkbox-group": "@vant/weapp/checkbox-group/index",
  "van-divider": "@vant/weapp/divider/index",
  "van-swipe-cell": "@vant/weapp/swipe-cell/index",
  "van-dialog": "@vant/weapp/dialog/index",
  "van-loading": "@vant/weapp/loading/index",
  "van-icon": "@vant/weapp/icon/index",
  "van-notify": "@vant/weapp/notify/index"
  },
  "navigationBarTitleText": "购物车"
}